<ApplicationConfiguration>
	<PageTitle>Lussumo Filebrowser 1.3.4</PageTitle>
	<PageIntroduction>[strong]This is the Filebrowser.[/strong]
      It is another free product from Lussumo that you can use to easily browse directories on your website.
      You can download the latest version of this product at [a href="http://thefilebrowser.com"]thefilebrowser.com[/a]</PageIntroduction>
	<BrowseSubFolders>true</BrowseSubFolders>
	<DateFormat>Y-m-d</DateFormat>
	<DisplayHiddenFiles>false</DisplayHiddenFiles>
	<FilesPerPage>10</FilesPerPage>
	<FitImagesToPage>true</FitImagesToPage>
	<HideFiles>thumbnailer.php,index.php,.htaccess</HideFiles>
	<MaxFilesPerPage>60</MaxFilesPerPage>
	<MaxThumbHeight>100</MaxThumbHeight>
	<MaxThumbWidth>100</MaxThumbWidth>
	<PluginHeight>500</PluginHeight>
	<PluginWidth>500</PluginWidth>
	<SortBy>Name</SortBy>
	<SortDirection>asc</SortDirection>
	<StyleUrl>_default.css</StyleUrl>
	<ThumbnailerStyleUrl>_thumbnailer.css</ThumbnailerStyleUrl>
	<UsePageIntroductionInSubFolders>true</UsePageIntroductionInSubFolders>
	<UseThumbnails>true</UseThumbnails>
</ApplicationConfiguration>